{"cameraMode":{"drawMode":0,"name":"Shaded","section":"Shading Mode"},"sceneLighting":true,"audioPlay":false,"sceneViewState":{"showFog":false,"showMaterialUpdate":false,"showSkybox":false,"showFlares":false,"showImageEffects":false,"showParticleSystems":true},"in2DMode":false,"pivot":{"x":39.05706787109375,"y":-6.532726287841797,"z":9.774089813232422},"rotation":{"x":-0.057978175580501559,"y":-0.6812331676483154,"z":0.054272402077913287,"w":-0.7277461290359497},"size":54.268096923828128,"orthographic":false}